Workbook

Sheet Лист1
A1: Максимальный показатель | B1: Сумма
A2: 0 | B2: =2^(A2+1)-1 -> 1
A3: 1 | B3: =2^(A3+1)-1 -> 3
A4: 2 | B4: =2^(A4+1)-1 -> 7
A5: 3 | B5: =2^(A5+1)-1 -> 15
A6: 4 | B6: =2^(A6+1)-1 -> 31
A7: 5 | B7: =2^(A7+1)-1 -> 63
A8: 6 | B8: =2^(A8+1)-1 -> 127
A9: 7 | B9: =2^(A9+1)-1 -> 255
A10: 8 | B10: =2^(A10+1)-1 -> 511
A11: 9 | B11: =2^(A11+1)-1 -> 1023
A12: 10 | B12: =2^(A12+1)-1 -> 2047
A13: 11 | B13: =2^(A13+1)-1 -> 4095
... A25: 23 | B25: =2^(A25+1)-1 -> 16777215

Sheet Лист2
A1: Максимальный показатель | B1: Сумма
A2: 0 | B2: =3^(A2+1)-1 -> 2
A3: 1 | B3: =3^(A3+1)-1 -> 8
A4: 2 | B4: =3^(A4+1)-1 -> 26
A5: 3 | B5: =3^(A5+1)-1 -> 80
A6: 4 | B6: =3^(A6+1)-1 -> 242
A7: 5 | B7: =3^(A7+1)-1 -> 728
A8: 6 | B8: =3^(A8+1)-1 -> 2186
A9: 7 | B9: =3^(A9+1)-1 -> 6560
A10: 8 | B10: =3^(A10+1)-1 -> 19682
A11: 9 | B11: =3^(A11+1)-1 -> 59048
A12: 10 | B12: =3^(A12+1)-1 -> 177146
A13: 11 | B13: =3^(A13+1)-1 -> 531440
... A25: 23 | B25: =3^(A25+1)-1 -> 282429536480

Sheet Лист3
A1: Максимальный показатель | B1: Сумма для 2 | C1: Сумма для 3
A2: 0 | B2: =VLOOKUP(A2, 'Лист1'!A1:B25, 2, ) -> 1 | C2: =VLOOKUP(A2, 'Лист2'!A1:B25, 2, ) -> 2
A3: 1 | B3: =VLOOKUP(A3, 'Лист1'!A2:B26, 2, ) -> 3 | C3: =VLOOKUP(A3, 'Лист2'!A2:B26, 2, ) -> 8
A4: 2 | B4: =VLOOKUP(A4, 'Лист1'!A3:B27, 2, ) -> 7 | C4: =VLOOKUP(A4, 'Лист2'!A3:B27, 2, ) -> 26
A5: 3 | B5: =VLOOKUP(A5, 'Лист1'!A4:B28, 2, ) -> 15 | C5: =VLOOKUP(A5, 'Лист2'!A4:B28, 2, ) -> 80
A6: 4 | B6: =VLOOKUP(A6, 'Лист1'!A5:B29, 2, ) -> 31 | C6: =VLOOKUP(A6, 'Лист2'!A5:B29, 2, ) -> 242
A7: 5 | B7: =VLOOKUP(A7, 'Лист1'!A6:B30, 2, ) -> 63 | C7: =VLOOKUP(A7, 'Лист2'!A6:B30, 2, ) -> 728
A8: 6 | B8: =VLOOKUP(A8, 'Лист1'!A7:B31, 2, ) -> 127 | C8: =VLOOKUP(A8, 'Лист2'!A7:B31, 2, ) -> 2186
A9: 7 | B9: =VLOOKUP(A9, 'Лист1'!A8:B32, 2, ) -> 255 | C9: =VLOOKUP(A9, 'Лист2'!A8:B32, 2, ) -> 6560
A10: 8 | B10: =VLOOKUP(A10, 'Лист1'!A9:B33, 2, ) -> 511 | C10: =VLOOKUP(A10, 'Лист2'!A9:B33, 2, ) -> 19682
A11: 9 | B11: =VLOOKUP(A11, 'Лист1'!A10:B34, 2, ) -> 1023 | C11: =VLOOKUP(A11, 'Лист2'!A10:B34, 2, ) -> 59048
A12: 10 | B12: =VLOOKUP(A12, 'Лист1'!A11:B35, 2, ) -> 2047 | C12: =VLOOKUP(A12, 'Лист2'!A11:B35, 2, ) -> 177146
A13: 11 | B13: =VLOOKUP(A13, 'Лист1'!A12:B36, 2, ) -> 4095 | C13: =VLOOKUP(A13, 'Лист2'!A12:B36, 2, ) -> 531440
... A25: 23 | B25: =VLOOKUP(A25, 'Лист1'!A24:B48, 2, ) -> 16777215 | C25: =VLOOKUP(A25, 'Лист2'!A24:B48, 2, ) -> 282429536480

Sheet Лист4
A1: Статистическая функций | B1: Для A (Лист 3) | C1: Для B (Лист 3) | D1: Для C (Лист 3)
A2: Среднее значение | B2: =AVERAGE('Лист3'!A2:A25) -> 11.5 | C2: =AVERAGE('Лист3'!B2:B25) -> 1398100.2 | D2: =AVERAGE('Лист3'!C2:C25) -> 17651846029
A3: Максимальное значение | B3: =MAX('Лист3'!A2:A25) -> 23 | C3: =MAX('Лист3'!B2:B25) -> 16777215 | D3: =MAX('Лист3'!C2:C25) -> 282429536480
A4: Минимальное значение | B4: =MIN('Лист3'!A2:A25) -> 0 | C4: =MIN('Лист3'!B2:B25) -> 1 | D4: =MIN('Лист3'!C2:C25) -> 2
A5: Медиана | B5: =MEDIAN('Лист3'!A2:A25) -> 11.5 | C5: =MEDIAN('Лист3'!B2:B25) -> 6143 | D5: =MEDIAN('Лист3'!C2:C25) -> 1062881
A6: Мода | B6: =MODE('Лист3'!A2:A25) -> #N/A | C6: =MODE('Лист3'!B2:B25) -> #N/A | D6: =MODE('Лист3'!C2:C25) -> #N/A
A7: Дисперсия | B7: =VAR('Лист3'!A2:A25) -> 50 | C7: =VAR('Лист3'!B2:B25) -> 1.4277716e+13 | D7: =VAR('Лист3'!C2:C25) -> 3.5764845e+21

Sheet Лист5
B1: 2021 | C1: 2022 | D1: 2023 | E1: 2024 | F1: 2025 | G1: 2026 | H1: 2027
A2: Колледж 1
A3: Колледж 2
A4: Колледж 3
A5: Колледж 4
